Rk,Squad,MP,W,D,L,GF,GA,GD,Pts,Pts/MP,Attendance,Year,League,Capacity,% Capacity Filled
1,Chelsea,38,27,5,6,103,32,71,86,2.26,41423,2009/10,PL,41837,99.01044529961517
2,Manchester Utd,38,27,4,7,86,28,58,85,2.24,74864,2009/10,PL,75731,98.85515838956306
3,Arsenal,38,23,6,9,83,41,42,75,1.97,59927,2009/10,PL,60260,99.44739462329903
4,Tottenham,38,21,7,10,67,41,26,70,1.84,35794,2009/10,PL,36284,98.64954249807077
5,Manchester City,38,18,13,7,73,45,28,67,1.76,45470,2009/10,PL,47805,95.11557368476102
6,Aston Villa,38,17,13,8,52,39,13,64,1.68,38573,2009/10,PL,42785,90.15542830431225
7,Liverpool,38,18,9,11,61,35,26,63,1.66,42864,2009/10,PL,45500,94.20659340659341
8,Everton,38,16,13,9,60,49,11,61,1.61,36725,2009/10,PL,39414,93.17755112396611
9,Birmingham City,38,13,11,14,38,47,-9,50,1.32,25246,2009/10,PL,29409,85.84446938012174
10,Blackburn,38,13,11,14,41,55,-14,50,1.32,25428,2009/10,PL,31367,81.06608856441483
11,Stoke City,38,11,14,13,34,48,-14,47,1.24,27162,2009/10,PL,30089,90.27219249559639
12,Fulham,38,12,10,16,39,46,-7,46,1.21,23909,2009/10,PL,25700,93.03112840466926
13,Sunderland,38,11,11,16,48,56,-8,44,1.16,38337,2009/10,PL,48707,78.70942574989222
14,Bolton,38,10,9,19,42,67,-25,39,1.03,22200,2009/10,PL,28723,77.28997667374577
15,Wolves,38,9,11,18,32,56,-24,38,1.0,28366,2009/10,PL,31700,89.48264984227129
16,Wigan Athletic,38,9,9,20,37,79,-42,36,0.95,18006,2009/10,PL,25138,71.62861007240035
17,West Ham,38,8,11,19,47,66,-19,35,0.92,33683,2009/10,PL,35016,96.19316883710304
18,Burnley,38,8,6,24,42,82,-40,30,0.79,20654,2009/10,PL,21944,94.12139992708714
19,Hull City,38,6,12,20,34,75,-41,30,0.79,24390,2009/10,PL,25400,96.02362204724409
20,Portsmouth,38,7,7,24,34,66,-32,19,0.5,18249,2009/10,PL,20620,88.50145489815714
1,Newcastle Utd,46,30,12,4,90,35,55,102,2.22,43388,2009/10,CS,52305,82.95191664276838
2,West Brom,46,26,13,7,89,48,41,91,1.98,22199,2009/10,CS,26688,83.17970623501199
3,Nott'ham Forest,46,22,13,11,65,40,25,79,1.72,23831,2009/10,CS,30445,78.27557891279356
4,Cardiff City,46,22,10,14,73,54,19,76,1.65,20717,2009/10,CS,33316,62.18333533437388
5,Leicester City,46,21,13,12,61,45,16,76,1.65,23943,2009/10,CS,32312,74.09940579351326
6,Blackpool,46,19,13,14,74,58,16,70,1.52,8611,2009/10,CS,17338,49.665474679893876
7,Swansea City,46,17,18,11,40,37,3,69,1.5,15407,2009/10,CS,21088,73.06050834597876
8,Sheffield Utd,46,17,14,15,62,55,7,65,1.41,25120,2009/10,CS,32702,76.81487370803009
9,Reading,46,17,12,17,68,63,5,63,1.37,17408,2009/10,CS,24161,72.04999793054924
10,Bristol City,46,15,18,13,56,65,-9,63,1.37,14601,2009/10,CS,27000,54.07777777777778
11,Middlesbrough,46,16,14,16,58,50,8,62,1.35,19948,2009/10,CS,34742,57.4175349720799
12,Doncaster,46,15,15,16,59,58,1,60,1.3,10992,2009/10,CS,15231,72.16860350600749
13,QPR,46,14,15,17,58,65,-7,57,1.24,13349,2009/10,CS,18439,72.39546613156895
14,Derby County,46,15,11,20,53,63,-10,56,1.22,29230,2009/10,CS,33597,87.00181563830104
15,Ipswich Town,46,12,20,14,50,61,-11,56,1.22,20841,2009/10,CS,30311,68.75721685196793
16,Watford,46,14,12,20,61,68,-7,54,1.17,14345,2009/10,CS,22200,64.61711711711712
17,Preston,46,13,15,18,58,73,-15,54,1.17,12935,2009/10,CS,23404,55.26833019996582
18,Barnsley,46,14,12,20,53,69,-16,54,1.17,12964,2009/10,CS,23287,55.67054579808477
19,Coventry City,46,13,15,18,47,64,-17,54,1.17,17305,2009/10,CS,32609,53.06817136373394
20,Scunthorpe Utd,46,14,10,22,62,84,-22,52,1.13,6464,2009/10,CS,9088,71.12676056338029
21,Crystal Palace,46,14,17,15,50,53,-3,49,1.07,14771,2009/10,CS,25486,57.957309895628974
22,Sheffield Weds,46,11,14,21,49,69,-20,47,1.02,23179,2009/10,CS,34854,66.50312733115281
23,Plymouth Argyle,46,11,8,27,43,68,-25,41,0.89,10316,2009/10,CS,17904,57.61840929401251
24,P'borough Utd,46,8,10,28,46,80,-34,34,0.74,8913,2009/10,CS,15314,58.201645553088674
1,Manchester Utd,38,23,11,4,78,37,41,80,2.11,75109,2010/11,PL,75731,99.17867187809483
2,Chelsea,38,21,8,9,69,33,36,71,1.87,41435,2010/11,PL,41837,99.03912804455386
3,Manchester City,38,21,8,9,60,33,27,71,1.87,45905,2010/11,PL,47805,96.02552034306035
4,Arsenal,38,19,11,8,72,43,29,68,1.79,60025,2010/11,PL,60260,99.61002323265848
5,Tottenham,38,16,14,8,55,46,9,62,1.63,35704,2010/11,PL,36284,98.40149928343071
6,Liverpool,38,17,7,14,59,44,15,58,1.53,42820,2010/11,PL,45500,94.10989010989012
7,Everton,38,13,15,10,51,45,6,54,1.42,36039,2010/11,PL,39414,91.43705282386969
8,Fulham,38,11,16,11,49,43,6,49,1.29,25043,2010/11,PL,25700,97.44357976653697
9,Aston Villa,38,12,12,14,48,59,-11,48,1.26,37194,2010/11,PL,42785,86.93233609910016
10,Sunderland,38,12,11,15,45,56,-11,47,1.24,40011,2010/11,PL,48707,82.14630340608127
11,West Brom,38,12,11,15,56,71,-15,47,1.24,24683,2010/11,PL,26688,92.48726019184652
12,Newcastle Utd,38,11,13,14,56,57,-1,46,1.21,47718,2010/11,PL,52305,91.23028391167193
13,Stoke City,38,13,7,18,46,48,-2,46,1.21,26858,2010/11,PL,30089,89.26185649240587
14,Bolton,38,12,10,16,52,56,-4,46,1.21,22870,2010/11,PL,28723,79.62260209588135
15,Blackburn,38,11,10,17,46,59,-13,43,1.13,25000,2010/11,PL,31367,79.7015972200083
16,Wigan Athletic,38,9,15,14,40,61,-21,42,1.11,16812,2010/11,PL,25138,66.87882886466704
17,Wolves,38,11,7,20,46,66,-20,40,1.05,27925,2010/11,PL,31700,88.09148264984226
18,Birmingham City,38,8,15,15,37,58,-21,39,1.03,25462,2010/11,PL,29409,86.5789384202115
19,Blackpool,38,10,9,19,55,78,-23,39,1.03,15775,2010/11,PL,17338,90.9851193909332
20,West Ham,38,7,12,19,43,70,-27,33,0.87,33492,2010/11,PL,35016,95.64770390678547
1,QPR,46,24,16,6,71,32,39,88,1.91,15616,2010/11,CS,18439,84.6900591138348
2,Norwich City,46,23,15,8,83,58,25,84,1.83,25399,2010/11,CS,27244,93.22786668624285
3,Swansea City,46,24,8,14,69,42,27,80,1.74,15507,2010/11,CS,21088,73.53471168437025
4,Cardiff City,46,23,11,12,76,54,22,80,1.74,23194,2010/11,CS,33316,69.61820146476168
5,Reading,46,20,17,9,77,51,26,77,1.67,17682,2010/11,CS,24161,73.18405695128513
6,Nott'ham Forest,46,20,15,11,69,50,19,75,1.63,23275,2010/11,CS,30445,76.44933486615207
7,Leeds United,46,19,15,12,81,70,11,72,1.57,27299,2010/11,CS,37890,72.04803378200053
8,Burnley,46,18,14,14,65,61,4,68,1.48,14931,2010/11,CS,21944,68.0413780532264
9,Millwall,46,18,13,15,62,48,14,67,1.46,12439,2010/11,CS,20146,61.74426685198055
10,Leicester City,46,19,10,17,76,71,5,67,1.46,23666,2010/11,CS,32312,73.24213914335232
11,Hull City,46,16,17,13,52,51,1,65,1.41,21169,2010/11,CS,25400,83.34251968503938
12,Middlesbrough,46,17,11,18,68,68,0,62,1.35,16269,2010/11,CS,34742,46.828046744574294
13,Ipswich Town,46,18,8,20,62,68,-6,62,1.35,19615,2010/11,CS,30311,64.71248061759756
14,Watford,46,16,13,17,77,71,6,61,1.33,13152,2010/11,CS,22200,59.24324324324325
15,Bristol City,46,17,9,20,62,65,-3,60,1.3,14605,2010/11,CS,27000,54.092592592592595
16,Portsmouth,46,15,13,18,53,60,-7,58,1.26,15707,2010/11,CS,20620,76.17361784675073
17,Barnsley,46,14,14,18,55,66,-11,56,1.22,11856,2010/11,CS,23287,50.91252630222871
18,Coventry City,46,14,13,19,54,58,-4,55,1.2,16310,2010/11,CS,32609,50.016866509245915
19,Derby County,46,13,10,23,58,71,-13,49,1.07,26023,2010/11,CS,33597,77.45632050480697
20,Crystal Palace,46,12,12,22,44,69,-25,48,1.04,15351,2010/11,CS,25486,60.23306913599623
21,Doncaster,46,11,15,20,55,81,-26,48,1.04,10258,2010/11,CS,15231,67.34948460376863
22,Preston,46,10,12,24,54,79,-25,42,0.91,11768,2010/11,CS,23404,50.282003076397196
23,Sheffield Utd,46,11,9,26,44,79,-35,42,0.91,20632,2010/11,CS,32702,63.09094245000306
24,Scunthorpe Utd,46,12,6,28,43,87,-44,42,0.91,5548,2010/11,CS,9088,61.0475352112676
1,Manchester City,38,28,5,5,93,29,64,89,2.34,47045,2011/12,PL,47805,98.41020813722415
2,Manchester Utd,38,28,5,5,89,33,56,89,2.34,75387,2011/12,PL,75731,99.54576065283702
3,Arsenal,38,21,7,10,74,49,25,70,1.84,60000,2011/12,PL,60260,99.56853634251577
4,Tottenham,38,20,9,9,66,41,25,69,1.82,36036,2011/12,PL,36284,99.31650314188072
5,Newcastle Utd,38,19,8,11,56,51,5,65,1.71,49951,2011/12,PL,52305,95.49947423764459
6,Chelsea,38,18,10,10,65,46,19,64,1.68,41484,2011/12,PL,41837,99.15624925305352
7,Everton,38,15,11,12,50,40,10,56,1.47,33228,2011/12,PL,39414,84.30506926472827
8,Liverpool,38,14,10,14,47,40,7,52,1.37,44253,2011/12,PL,45500,97.25934065934065
9,Fulham,38,14,10,14,48,51,-3,52,1.37,25399,2011/12,PL,25700,98.82879377431907
10,West Brom,38,13,8,17,45,52,-7,47,1.24,24770,2011/12,PL,26688,92.81324940047962
11,Swansea City,38,12,11,15,44,51,-7,47,1.24,19946,2011/12,PL,21088,94.58459787556905
12,Norwich City,38,12,11,15,52,66,-14,47,1.24,26606,2011/12,PL,27244,97.65819997063574
13,Sunderland,38,11,12,15,45,46,-1,45,1.18,39047,2011/12,PL,48707,80.16712176894491
14,Stoke City,38,11,12,15,36,53,-17,45,1.18,27226,2011/12,PL,30089,90.48489481205756
15,Wigan Athletic,38,11,10,17,42,62,-20,43,1.13,18634,2011/12,PL,25138,74.12681995385472
16,Aston Villa,38,7,17,14,37,53,-16,38,1.0,33883,2011/12,PL,42785,79.19364263176347
17,QPR,38,10,7,21,43,66,-23,37,0.97,17295,2011/12,PL,18439,93.79575898909918
18,Bolton,38,10,6,22,46,77,-31,36,0.95,23670,2011/12,PL,28723,82.40782648052084
19,Blackburn,38,8,7,23,48,78,-30,31,0.82,22551,2011/12,PL,31367,71.89402875633628
20,Wolves,38,5,10,23,40,82,-42,25,0.66,25677,2011/12,PL,31700,81.0
1,Reading,46,27,8,11,69,41,28,89,1.93,19219,2011/12,CS,24161,79.54554861139853
2,Southampton,46,26,10,10,85,46,39,88,1.91,26420,2011/12,CS,32505,81.27980310721428
3,West Ham,46,24,14,8,81,48,33,86,1.87,30931,2011/12,CS,35016,88.33390450079963
4,Birmingham City,46,20,16,10,78,51,27,76,1.65,18883,2011/12,CS,29409,64.20823557414397
5,Blackpool,46,20,15,11,79,59,20,75,1.63,12764,2011/12,CS,17338,73.61864113507902
6,Cardiff City,46,19,18,9,66,53,13,75,1.63,22100,2011/12,CS,33316,66.33449393684717
7,Middlesbrough,46,18,16,12,52,51,1,70,1.52,17558,2011/12,CS,34742,50.53825341085718
8,Hull City,46,19,11,16,47,44,3,68,1.48,18790,2011/12,CS,25400,73.9763779527559
9,Leicester City,46,18,12,16,66,55,11,66,1.43,23037,2011/12,CS,32312,71.29549393414212
10,Brighton,46,17,15,14,52,52,0,66,1.43,20028,2011/12,CS,30750,65.13170731707318
11,Watford,46,16,16,14,56,64,-8,64,1.39,12704,2011/12,CS,22200,57.22522522522523
12,Derby County,46,18,10,18,50,58,-8,64,1.39,26020,2011/12,CS,33597,77.44739113611334
13,Burnley,46,17,11,18,61,58,3,62,1.35,14048,2011/12,CS,21944,64.01749908858913
14,Leeds United,46,17,10,19,65,68,-3,61,1.33,23283,2011/12,CS,37890,61.44893111638955
15,Ipswich Town,46,17,10,19,69,77,-8,61,1.33,18267,2011/12,CS,30311,60.2652502391871
16,Millwall,46,15,12,19,55,57,-2,57,1.24,11484,2011/12,CS,20146,57.00387173632483
17,Crystal Palace,46,13,17,16,46,51,-5,56,1.22,15219,2011/12,CS,25486,59.71513772267127
18,P'borough Utd,46,13,11,22,67,77,-10,50,1.09,9111,2011/12,CS,15314,59.49458012276349
19,Nott'ham Forest,46,14,8,24,48,63,-15,50,1.09,21970,2011/12,CS,30445,72.16291673509608
20,Bristol City,46,12,13,21,44,68,-24,49,1.07,13846,2011/12,CS,27000,51.281481481481485
21,Barnsley,46,13,9,24,49,74,-25,48,1.04,10332,2011/12,CS,23287,44.368102374715505
22,Portsmouth,46,13,11,22,50,59,-9,40,0.87,15016,2011/12,CS,20620,72.82250242483026
23,Coventry City,46,9,13,24,41,65,-24,40,0.87,15119,2011/12,CS,32609,46.36450059799442
24,Doncaster,46,8,12,26,43,80,-37,36,0.78,9341,2011/12,CS,15231,61.32886875451382
1,Manchester Utd,38,28,5,5,86,43,43,89,2.34,75530,2012/13,PL,75731,99.7345868930821
2,Manchester City,38,23,9,6,66,34,32,78,2.05,46974,2012/13,PL,47805,98.26168810793851
3,Chelsea,38,22,9,7,75,39,36,75,1.97,41462,2012/13,PL,41837,99.10366422066592
4,Arsenal,38,21,10,7,72,37,35,73,1.92,60079,2012/13,PL,60260,99.69963491536674
5,Tottenham,38,21,9,8,66,46,20,72,1.89,36066,2012/13,PL,36284,99.3991842134274
6,Everton,38,16,15,7,55,40,15,63,1.66,36356,2012/13,PL,39414,92.24133556604252
7,Liverpool,38,16,13,9,71,43,28,61,1.61,44749,2012/13,PL,45500,98.34945054945055
8,West Brom,38,14,7,17,53,57,-4,49,1.29,25202,2012/13,PL,26688,94.43195443645084
9,Swansea City,38,11,13,14,47,51,-4,46,1.21,20476,2012/13,PL,21088,97.097875569044
10,West Ham,38,12,10,16,45,53,-8,46,1.21,34717,2012/13,PL,35016,99.14610463787983
11,Norwich City,38,10,14,14,41,58,-17,44,1.16,26672,2012/13,PL,27244,97.90045514608721
12,Fulham,38,11,10,17,50,60,-10,43,1.13,25423,2012/13,PL,25700,98.92217898832685
13,Stoke City,38,9,15,14,34,45,-11,42,1.11,26722,2012/13,PL,30089,88.80986406992588
14,Southampton,38,9,14,15,49,60,-11,41,1.08,30855,2012/13,PL,32505,94.9238578680203
15,Aston Villa,38,10,11,17,47,69,-22,41,1.08,35060,2012/13,PL,42785,81.94460675470376
16,Newcastle Utd,38,11,8,19,45,68,-23,41,1.08,50517,2012/13,PL,52305,96.5815887582449
17,Sunderland,38,9,12,17,41,54,-13,39,1.03,40563,2012/13,PL,48707,83.27961073357012
18,Wigan Athletic,38,9,9,20,47,73,-26,36,0.95,19359,2012/13,PL,25138,77.01089983292226
19,Reading,38,6,10,22,43,73,-30,28,0.74,23862,2012/13,PL,24161,98.7624684408758
20,QPR,38,4,13,21,30,60,-30,25,0.66,17779,2012/13,PL,18439,96.42063018601877
1,Cardiff City,46,25,12,9,72,45,27,87,1.89,22999,2012/13,CS,33316,69.03289710649537
2,Hull City,46,24,7,15,61,52,9,79,1.72,17369,2012/13,CS,25400,68.38188976377953
3,Watford,46,23,8,15,85,58,27,77,1.67,13454,2012/13,CS,22200,60.60360360360361
4,Brighton,46,19,18,9,69,43,26,75,1.63,26236,2012/13,CS,30750,85.32032520325204
5,Crystal Palace,46,19,15,12,73,62,11,72,1.57,17280,2012/13,CS,25486,67.8019304716315
6,Leicester City,46,19,11,16,71,48,23,68,1.48,22054,2012/13,CS,32312,68.25328051497895
7,Bolton,46,18,14,14,69,61,8,68,1.48,18034,2012/13,CS,28723,62.78592069073565
8,Nott'ham Forest,46,17,16,13,63,59,4,67,1.46,23082,2012/13,CS,30445,75.81540482837904
9,Charlton Ath,46,17,14,15,65,59,6,65,1.41,18499,2012/13,CS,27111,68.2342960421969
10,Derby County,46,16,13,17,65,62,3,61,1.33,23228,2012/13,CS,33597,69.13712533857189
11,Burnley,46,16,13,17,62,60,2,61,1.33,12928,2012/13,CS,21944,58.913598250091134
12,Birmingham City,46,15,16,15,63,69,-6,61,1.33,16703,2012/13,CS,29409,56.79553878064538
13,Leeds United,46,17,10,19,57,66,-9,61,1.33,21572,2012/13,CS,37890,56.93322776458169
14,Ipswich Town,46,16,12,18,48,61,-13,60,1.3,17526,2012/13,CS,30311,57.82059318399261
15,Blackpool,46,14,17,15,62,63,-1,59,1.28,13917,2012/13,CS,17338,80.26877379167148
16,Middlesbrough,46,18,5,23,61,70,-9,59,1.28,16207,2012/13,CS,34742,46.64958839445052
17,Blackburn,46,14,16,16,55,62,-7,58,1.26,14997,2012/13,CS,31367,47.81139414033857
18,Sheffield Weds,46,16,10,20,53,61,-8,58,1.26,24078,2012/13,CS,34854,69.08245825443278
19,Huddersfield,46,15,13,18,53,73,-20,58,1.26,14978,2012/13,CS,24500,61.134693877551015
20,Millwall,46,15,11,20,51,62,-11,56,1.22,10559,2012/13,CS,20146,52.41238955623945
21,Barnsley,46,14,13,19,56,70,-14,55,1.2,10207,2012/13,CS,23287,43.83132219693391
22,P'borough Utd,46,15,9,22,66,75,-9,54,1.17,8215,2012/13,CS,15314,53.64372469635627
23,Wolves,46,14,9,23,55,69,-14,51,1.11,21773,2012/13,CS,31700,68.68454258675078
24,Bristol City,46,11,8,27,59,84,-25,41,0.89,13348,2012/13,CS,27000,49.43703703703704
1,Manchester City,38,27,5,6,102,37,65,86,2.26,47075,2013/14,PL,47805,98.47296307917583
2,Liverpool,38,26,6,6,101,50,51,84,2.21,44671,2013/14,PL,45500,98.17802197802197
3,Chelsea,38,25,7,6,71,27,44,82,2.16,41482,2013/14,PL,41837,99.15146879556373
4,Arsenal,38,24,7,7,68,41,27,79,2.08,60013,2013/14,PL,60260,99.59010952538998
5,Everton,38,21,9,8,61,39,22,72,1.89,37732,2013/14,PL,39414,95.73248084437002
6,Tottenham,38,21,6,11,55,51,4,69,1.82,35808,2013/14,PL,36284,98.6881269981259
7,Manchester Utd,38,19,7,12,64,43,21,64,1.68,75207,2013/14,PL,75731,99.30807727350755
8,Southampton,38,15,11,12,54,46,8,56,1.47,30212,2013/14,PL,32505,92.9457006614367
9,Stoke City,38,13,11,14,45,52,-7,50,1.32,26137,2013/14,PL,30089,86.86563195852305
10,Newcastle Utd,38,15,4,19,43,59,-16,49,1.29,50395,2013/14,PL,52305,96.34834145875155
11,Crystal Palace,38,13,6,19,33,48,-15,45,1.18,24375,2013/14,PL,25486,95.64074393784823
12,Swansea City,38,11,9,18,54,54,0,42,1.11,20407,2013/14,PL,21088,96.77067526555388
13,West Ham,38,11,7,20,40,51,-11,40,1.05,34197,2013/14,PL,35016,97.66106922549692
14,Sunderland,38,10,8,20,41,60,-19,38,1.0,41090,2013/14,PL,48707,84.36159073644446
15,Aston Villa,38,10,8,20,39,61,-22,38,1.0,36081,2013/14,PL,42785,84.33095711113708
16,Hull City,38,10,7,21,38,53,-15,37,0.97,24117,2013/14,PL,25400,94.94881889763779
17,West Brom,38,7,15,16,43,59,-16,36,0.95,25194,2013/14,PL,26688,94.40197841726618
18,Norwich City,38,8,9,21,28,62,-34,33,0.87,26805,2013/14,PL,27244,98.38863602995154
19,Fulham,38,9,5,24,40,85,-45,32,0.84,24977,2013/14,PL,25700,97.18677042801556
20,Cardiff City,38,7,9,22,32,74,-42,30,0.79,27430,2013/14,PL,33316,82.33281306279265
1,Leicester City,46,31,9,6,83,43,40,102,2.22,24990,2013/14,CS,32312,77.33968804159446
2,Burnley,46,26,15,5,72,37,35,93,2.02,13719,2013/14,CS,21944,62.518228217280345
3,Derby County,46,25,10,11,84,52,32,85,1.85,24933,2013/14,CS,33597,74.21198321278686
4,QPR,46,23,11,12,60,44,16,80,1.74,16656,2013/14,CS,18439,90.33027821465373
5,Wigan Athletic,46,21,10,15,61,48,13,73,1.59,15177,2013/14,CS,25138,60.37473148221816
6,Brighton,46,19,15,12,55,40,15,72,1.57,27283,2013/14,CS,30750,88.72520325203253
7,Reading,46,19,14,13,70,56,14,71,1.54,19171,2013/14,CS,24161,79.34688133769298
8,Blackburn,46,18,16,12,70,62,8,70,1.52,14962,2013/14,CS,31367,47.69981190423056
9,Ipswich Town,46,18,14,14,60,54,6,68,1.48,17111,2013/14,CS,30311,56.451453267790576
10,Bournemouth,46,18,12,16,67,66,1,66,1.43,9952,2013/14,CS,11329,87.84535263483096
11,Nott'ham Forest,46,16,17,13,67,64,3,65,1.41,22630,2013/14,CS,30445,74.33076038758418
12,Middlesbrough,46,16,16,14,62,50,12,64,1.39,15748,2013/14,CS,34742,45.32842093143745
13,Watford,46,15,15,16,74,64,10,60,1.3,15512,2013/14,CS,22200,69.87387387387388
14,Bolton,46,14,17,15,59,60,-1,59,1.28,16141,2013/14,CS,28723,56.195383490582465
15,Leeds United,46,16,9,21,59,67,-8,57,1.24,25088,2013/14,CS,37890,66.21272103457376
16,Sheffield Weds,46,13,14,19,63,65,-2,53,1.15,21239,2013/14,CS,34854,60.93705170138291
17,Huddersfield,46,14,11,21,58,65,-7,53,1.15,14213,2013/14,CS,24500,58.012244897959185
18,Charlton Ath,46,13,12,21,41,61,-20,51,1.11,16134,2013/14,CS,27111,59.510899634834566
19,Millwall,46,11,15,20,46,74,-28,48,1.04,11063,2013/14,CS,20146,54.914126873821104
20,Blackpool,46,11,13,22,38,66,-28,46,1.0,14217,2013/14,CS,17338,81.99907717153074
21,Birmingham City,46,11,11,24,58,74,-16,44,0.96,15458,2013/14,CS,29409,52.56214084123908
22,Doncaster,46,11,11,24,39,70,-31,44,0.96,9041,2013/14,CS,15231,59.35920162825816
23,Barnsley,46,9,12,25,44,77,-33,39,0.85,11557,2013/14,CS,23287,49.62854811697513
24,Yeovil Town,46,8,13,25,44,75,-31,37,0.8,6616,2013/14,CS,9565,69.1688447464715
1,Chelsea,38,26,9,3,73,32,41,87,2.29,41546,2014/15,PL,41837,99.30444343523675
2,Manchester City,38,24,7,7,83,38,45,79,2.08,45365,2014/15,PL,47805,94.89593138793013
3,Arsenal,38,22,9,7,71,36,35,75,1.97,59992,2014/15,PL,60260,99.5552605376701
4,Manchester Utd,38,20,10,8,62,37,25,70,1.84,75335,2014/15,PL,75731,99.47709656547516
5,Tottenham,38,19,7,12,58,53,5,64,1.68,35728,2014/15,PL,36284,98.46764414066807
6,Liverpool,38,18,8,12,52,48,4,62,1.63,44659,2014/15,PL,45500,98.15164835164835
7,Southampton,38,18,6,14,54,33,21,60,1.58,30741,2014/15,PL,32505,94.57314259344716
8,Swansea City,38,16,8,14,46,49,-3,56,1.47,20555,2014/15,PL,21088,97.4724962063733
9,Stoke City,38,15,9,14,48,45,3,54,1.42,27081,2014/15,PL,30089,90.00299112632524
10,Crystal Palace,38,13,9,16,47,51,-4,48,1.26,24421,2014/15,PL,25486,95.82123518794631
11,Everton,38,12,11,15,48,50,-2,47,1.24,37406,2014/15,PL,39414,94.90536357639418
12,West Ham,38,12,11,15,44,47,-3,47,1.24,34846,2014/15,PL,35016,99.51450765364405
13,West Brom,38,11,11,16,38,51,-13,44,1.16,25064,2014/15,PL,26688,93.9148681055156
14,Leicester City,38,11,8,19,46,55,-9,41,1.08,31693,2014/15,PL,32312,98.08430304530825
15,Newcastle Utd,38,10,9,19,40,63,-23,39,1.03,50359,2014/15,PL,52305,96.2795143867699
16,Sunderland,38,7,17,14,31,53,-22,38,1.0,43157,2014/15,PL,48707,88.60533393557394
17,Aston Villa,38,10,8,20,31,57,-26,38,1.0,34133,2014/15,PL,42785,79.77795956526819
18,Hull City,38,8,11,19,33,51,-18,35,0.92,23557,2014/15,PL,25400,92.74409448818898
19,Burnley,38,7,12,19,28,53,-25,33,0.87,19131,2014/15,PL,21944,87.18100619759387
20,QPR,38,8,6,24,42,73,-31,30,0.79,17809,2014/15,PL,18439,96.58332881392701
1,Bournemouth,46,26,12,8,98,45,53,90,1.96,10265,2014/15,CS,11329,90.60817371347868
2,Watford,46,27,8,11,91,50,41,89,1.93,16664,2014/15,CS,22200,75.06306306306307
3,Norwich City,46,25,11,10,88,48,40,86,1.87,26169,2014/15,CS,27244,96.05417706651006
4,Middlesbrough,46,25,10,11,68,37,31,85,1.85,19562,2014/15,CS,34742,56.30648782453515
5,Brentford,46,23,9,14,78,59,19,78,1.7,10822,2014/15,CS,17250,62.73623188405797
6,Ipswich Town,46,22,12,12,72,54,18,78,1.7,19603,2014/15,CS,30311,64.6728910296592
7,Wolves,46,22,12,12,70,56,14,78,1.7,22419,2014/15,CS,31700,70.72239747634069
8,Derby County,46,21,14,11,85,56,29,77,1.67,29232,2014/15,CS,33597,87.00776855076346
9,Blackburn,46,17,16,13,66,59,7,67,1.46,14912,2014/15,CS,31367,47.54040870979054
10,Birmingham City,46,16,15,15,54,64,-10,63,1.37,16111,2014/15,CS,29409,54.78254955965861
11,Cardiff City,46,16,14,16,57,61,-4,62,1.35,21124,2014/15,CS,33316,63.404970584704046
12,Charlton Ath,46,14,18,14,54,60,-6,60,1.3,16708,2014/15,CS,27111,61.628121426727155
13,Sheffield Weds,46,14,18,14,43,49,-6,60,1.3,21993,2014/15,CS,34854,63.10036150800482
14,Nott'ham Forest,46,15,14,17,71,69,2,59,1.28,23492,2014/15,CS,30445,77.16209558219741
15,Leeds United,46,15,11,20,50,61,-11,56,1.22,24052,2014/15,CS,37890,63.47849036685142
16,Huddersfield,46,13,16,17,58,75,-17,55,1.2,13613,2014/15,CS,24500,55.563265306122446
17,Fulham,46,14,10,22,62,83,-21,52,1.13,18276,2014/15,CS,25700,71.11284046692607
18,Bolton,46,13,12,21,54,67,-13,51,1.11,15413,2014/15,CS,28723,53.66082930056053
19,Reading,46,13,11,22,48,69,-21,50,1.09,17022,2014/15,CS,24161,70.45238193783369
20,Brighton,46,10,17,19,44,54,-10,47,1.02,25645,2014/15,CS,30750,83.39837398373984
21,Rotherham Utd,46,11,16,19,46,67,-21,46,1.0,10240,2014/15,CS,12021,85.18426087679893
22,Millwall,46,9,14,23,42,76,-34,41,0.89,10902,2014/15,CS,20146,54.114960786260305
23,Wigan Athletic,46,9,12,25,39,64,-25,39,0.85,12882,2014/15,CS,25138,51.24512689951468
24,Blackpool,46,4,14,28,36,91,-55,26,0.57,11172,2014/15,CS,17338,64.43649786595917
1,Leicester City,38,23,12,3,68,36,32,81,2.13,31998,2015/16,PL,32312,99.02822480812083
2,Arsenal,38,20,11,7,65,36,29,71,1.87,59944,2015/16,PL,60260,99.47560570859608
3,Tottenham,38,19,13,6,69,35,34,70,1.84,35776,2015/16,PL,36284,98.59993385514277
4,Manchester City,38,19,9,10,71,41,30,66,1.74,54041,2015/16,PL,55017,98.22600287183961
5,Manchester Utd,38,19,9,10,49,35,14,66,1.74,75286,2015/16,PL,75731,99.41239386776881
6,Southampton,38,18,9,11,59,41,18,63,1.66,30751,2015/16,PL,32505,94.60390709121673
7,West Ham,38,16,14,8,65,51,14,62,1.63,34910,2015/16,PL,35016,99.6972812428604
8,Liverpool,38,16,12,10,63,50,13,60,1.58,43910,2015/16,PL,45500,96.50549450549451
9,Stoke City,38,14,9,15,41,55,-14,51,1.34,27534,2015/16,PL,30089,91.50852471002692
10,Chelsea,38,12,14,12,59,53,6,50,1.32,41500,2015/16,PL,41837,99.19449291297178
11,Everton,38,11,14,13,59,55,4,47,1.24,38124,2015/16,PL,39414,96.72705130156797
12,Swansea City,38,12,11,15,42,52,-10,47,1.24,20711,2015/16,PL,21088,98.21225341426404
13,Watford,38,12,9,17,40,50,-10,45,1.18,20594,2015/16,PL,22200,92.76576576576576
14,West Brom,38,10,13,15,34,48,-14,43,1.13,24631,2015/16,PL,26688,92.29241606714629
15,Crystal Palace,38,11,9,18,39,51,-12,42,1.11,24825,2015/16,PL,25486,97.40641921054697
16,Bournemouth,38,11,9,18,45,67,-22,42,1.11,11189,2015/16,PL,11329,98.76423338335246
17,Sunderland,38,9,12,17,48,62,-14,39,1.03,43071,2015/16,PL,48707,88.42876793889995
18,Newcastle Utd,38,9,10,19,44,65,-21,37,0.97,49754,2015/16,PL,52305,95.12283720485614
19,Norwich City,38,9,7,22,39,67,-28,34,0.89,26972,2015/16,PL,27244,99.001615034503
20,Aston Villa,38,3,8,27,27,76,-49,17,0.45,33690,2015/16,PL,42785,78.74254995909781
1,Burnley,46,26,15,5,72,35,37,93,2.02,16709,2015/16,CS,21944,76.14382063434196
2,Middlesbrough,46,26,11,9,63,31,32,89,1.93,24627,2015/16,CS,34742,70.88538368545277
3,Brighton,46,24,17,5,72,42,30,89,1.93,25583,2015/16,CS,30750,83.19674796747968
4,Hull City,46,24,11,11,69,35,34,83,1.8,17199,2015/16,CS,25400,67.71259842519684
5,Derby County,46,21,15,10,66,43,23,78,1.7,29663,2015/16,CS,33597,88.29062118641545
6,Sheffield Weds,46,19,17,10,66,45,21,74,1.61,22641,2015/16,CS,34854,64.95954553279394
7,Ipswich Town,46,18,15,13,53,51,2,69,1.5,18989,2015/16,CS,30311,62.64722378014582
8,Cardiff City,46,17,17,12,56,51,5,68,1.48,16463,2015/16,CS,33316,49.4146956417337
9,Brentford,46,19,8,19,72,67,5,65,1.41,10310,2015/16,CS,17250,59.768115942028984
10,Birmingham City,46,16,15,15,53,49,4,63,1.37,17603,2015/16,CS,29409,59.85582644768608
11,Preston,46,15,17,14,45,45,0,62,1.35,13035,2015/16,CS,23404,55.695607588446414
12,QPR,46,14,18,14,54,54,0,60,1.3,15994,2015/16,CS,18439,86.7400618254786
13,Leeds United,46,14,17,15,50,58,-8,59,1.28,22446,2015/16,CS,37890,59.23990498812351
14,Wolves,46,14,16,16,53,58,-5,58,1.26,20157,2015/16,CS,31700,63.58675078864353
15,Blackburn,46,13,16,17,46,46,0,55,1.2,14131,2015/16,CS,31367,45.05053081263748
16,Nott'ham Forest,46,13,16,17,43,47,-4,55,1.2,19676,2015/16,CS,30445,64.6280177369026
17,Reading,46,13,13,20,52,59,-7,52,1.13,17285,2015/16,CS,24161,71.54091304167873
18,Bristol City,46,13,13,20,54,71,-17,52,1.13,15292,2015/16,CS,27000,56.63703703703704
19,Huddersfield,46,13,12,21,59,70,-11,51,1.11,12631,2015/16,CS,24500,51.55510204081632
20,Fulham,46,12,15,19,66,79,-13,51,1.11,17566,2015/16,CS,25700,68.35019455252919
21,Rotherham Utd,46,13,10,23,53,71,-18,49,1.07,10025,2015/16,CS,12021,83.3957241494052
22,Charlton Ath,46,9,13,24,40,80,-40,40,0.87,15632,2015/16,CS,27111,57.65925270185534
23,MK Dons,46,9,12,25,39,69,-30,39,0.85,13158,2015/16,CS,30500,43.14098360655738
24,Bolton,46,5,15,26,41,81,-40,30,0.65,15056,2015/16,CS,28723,52.41792291891515
1,Chelsea,38,30,3,5,85,33,52,93,2.45,41508,2016/17,PL,41837,99.2136147429309
2,Tottenham,38,26,8,4,86,26,60,86,2.26,31639,2016/17,PL,36284,87.19821408885458
3,Manchester City,38,23,9,6,80,39,41,78,2.05,54019,2016/17,PL,55017,98.18601523165566
4,Liverpool,38,22,10,6,78,42,36,76,2.0,53016,2016/17,PL,53394,99.29205528711091
5,Arsenal,38,23,6,9,77,44,33,75,1.97,59957,2016/17,PL,60260,99.4971788914703
6,Manchester Utd,38,18,15,5,54,29,25,69,1.82,75290,2016/17,PL,75731,99.4176757206428
7,Everton,38,17,10,11,62,44,18,61,1.61,39047,2016/17,PL,39414,99.06885878114376
8,Southampton,38,12,10,16,41,48,-7,46,1.21,30936,2016/17,PL,32505,95.17305029995386
9,Bournemouth,38,12,10,16,55,67,-12,46,1.21,11182,2016/17,PL,11329,98.70244505252008
10,West Brom,38,12,9,17,43,51,-8,45,1.18,23876,2016/17,PL,26688,89.46342925659472
11,West Ham,38,12,9,17,47,64,-17,45,1.18,56972,2016/17,PL,60000,94.95333333333333
12,Leicester City,38,12,8,18,48,63,-15,44,1.16,31893,2016/17,PL,32312,98.70326813567715
13,Stoke City,38,11,11,16,41,56,-15,44,1.16,27433,2016/17,PL,30089,91.17285386686164
14,Crystal Palace,38,12,5,21,50,63,-13,41,1.08,25161,2016/17,PL,25486,98.7247900808287
15,Swansea City,38,12,5,21,45,70,-25,41,1.08,20619,2016/17,PL,21088,97.77598634294385
16,Burnley,38,11,7,20,39,55,-16,40,1.05,20558,2016/17,PL,21944,93.68392271235874
17,Watford,38,11,7,20,40,68,-28,40,1.05,20571,2016/17,PL,22200,92.66216216216216
18,Hull City,38,9,7,22,37,80,-43,34,0.89,20761,2016/17,PL,25400,81.73622047244095
19,Middlesbrough,38,5,13,20,27,53,-26,28,0.74,30449,2016/17,PL,34742,87.6431984341719
20,Sunderland,38,6,6,26,29,69,-40,24,0.63,41287,2016/17,PL,48707,84.76605005440696
1,Newcastle Utd,46,29,7,10,85,40,45,94,2.04,51106,2016/17,CS,52305,97.70767613038906
2,Brighton,46,28,9,9,74,40,34,93,2.02,27996,2016/17,CS,30750,91.0439024390244
3,Reading,46,26,7,13,68,64,4,85,1.85,17505,2016/17,CS,24161,72.45147137949589
4,Sheffield Weds,46,24,9,13,60,45,15,81,1.76,27129,2016/17,CS,34854,77.83611637114822
5,Huddersfield,46,25,6,15,56,58,-2,81,1.76,20343,2016/17,CS,24500,83.0326530612245
6,Fulham,46,22,14,10,85,57,28,80,1.74,19199,2016/17,CS,25700,74.70428015564202
7,Leeds United,46,22,9,15,61,47,14,75,1.63,27698,2016/17,CS,37890,73.10108207970441
8,Norwich City,46,20,10,16,85,69,16,70,1.52,26354,2016/17,CS,27244,96.73322566436646
9,Derby County,46,18,13,15,54,50,4,67,1.46,29042,2016/17,CS,33597,86.44224186683334
10,Brentford,46,18,10,18,75,65,10,64,1.39,10467,2016/17,CS,17250,60.678260869565214
11,Preston,46,16,14,16,64,63,1,62,1.35,12607,2016/17,CS,23404,53.866860365749446
12,Cardiff City,46,17,11,18,60,61,-1,62,1.35,16564,2016/17,CS,33316,49.717853283707534
13,Aston Villa,46,16,14,16,47,48,-1,62,1.35,32107,2016/17,CS,42785,75.04265513614584
14,Barnsley,46,15,13,18,64,67,-3,58,1.26,13831,2016/17,CS,23287,59.39365311117791
15,Wolves,46,16,10,20,54,58,-4,58,1.26,20744,2016/17,CS,31700,65.4384858044164
16,Ipswich Town,46,13,16,17,48,58,-10,55,1.2,16981,2016/17,CS,30311,56.02256606512487
17,Bristol City,46,15,9,22,60,66,-6,54,1.17,19256,2016/17,CS,27000,71.31851851851852
18,QPR,46,15,8,23,52,66,-14,53,1.15,14616,2016/17,CS,18439,79.26677151689354
19,Birmingham City,46,13,14,19,45,64,-19,53,1.15,18717,2016/17,CS,29409,63.64378251555646
20,Burton Albion,46,13,13,20,49,63,-14,52,1.13,5228,2016/17,CS,6912,75.63657407407408
21,Nott'ham Forest,46,14,9,23,62,72,-10,51,1.11,20333,2016/17,CS,30445,66.78600755460667
22,Blackburn,46,12,15,19,53,65,-12,51,1.11,12688,2016/17,CS,31367,40.450154621098605
23,Wigan Athletic,46,10,12,24,40,57,-17,42,0.91,11722,2016/17,CS,25138,46.6305990930066
24,Rotherham Utd,46,5,8,33,40,98,-58,23,0.5,9783,2016/17,CS,12021,81.38258048415274
1,Manchester City,38,32,4,2,106,27,79,100,2.63,54070,2017/18,PL,55017,98.27871385208209
2,Manchester Utd,38,25,6,7,68,28,40,81,2.13,74976,2017/18,PL,75731,99.00305027003473
3,Tottenham,38,23,8,7,74,36,38,77,2.03,67953,2017/18,PL,90000,75.50333333333333
4,Liverpool,38,21,12,5,84,38,46,75,1.97,53049,2017/18,PL,53394,99.3538599842679
5,Chelsea,38,21,7,10,62,38,24,70,1.84,41282,2017/18,PL,41837,98.67342304658557
6,Arsenal,38,19,6,13,74,51,23,63,1.66,59323,2017/18,PL,60260,98.44507135745104
7,Burnley,38,14,12,12,36,39,-3,54,1.42,20688,2017/18,PL,21944,94.27633977397011
8,Everton,38,13,10,15,44,58,-14,49,1.29,38797,2017/18,PL,39414,98.4345663977267
9,Leicester City,38,12,11,15,56,60,-4,47,1.24,31583,2017/18,PL,32312,97.74387224560535
10,Newcastle Utd,38,12,8,18,39,47,-8,44,1.16,51992,2017/18,PL,52305,99.40158684638179
11,Crystal Palace,38,11,11,16,45,55,-10,44,1.16,25063,2017/18,PL,25486,98.34026524366318
12,Bournemouth,38,11,11,16,45,61,-16,44,1.16,10641,2017/18,PL,11329,93.9270897696178
13,West Ham,38,10,12,16,48,68,-20,42,1.11,56885,2017/18,PL,60000,94.80833333333332
14,Watford,38,11,8,19,44,64,-20,41,1.08,20231,2017/18,PL,22200,91.13063063063063
15,Brighton,38,9,13,16,34,54,-20,40,1.05,30403,2017/18,PL,30750,98.87154471544716
16,Huddersfield,38,9,10,19,28,58,-30,37,0.97,24040,2017/18,PL,24500,98.12244897959184
17,Southampton,38,7,15,16,37,56,-19,36,0.95,30794,2017/18,PL,32505,94.7361944316259
18,Swansea City,38,8,9,21,28,56,-28,33,0.87,20623,2017/18,PL,21088,97.79495447647952
19,Stoke City,38,7,12,19,35,68,-33,33,0.87,29280,2017/18,PL,30089,97.31130978098308
20,West Brom,38,6,13,19,31,56,-25,31,0.82,24520,2017/18,PL,26688,91.87649880095923
1,Wolves,46,30,9,7,82,39,43,99,2.15,28298,2017/18,CS,31700,89.26813880126183
2,Cardiff City,46,27,9,10,69,39,30,90,1.96,20164,2017/18,CS,33316,60.52347220554688
3,Fulham,46,25,13,8,79,46,33,88,1.91,19896,2017/18,CS,25700,77.41634241245137
4,Aston Villa,46,24,11,11,72,42,30,83,1.8,32097,2017/18,CS,42785,75.01928245880566
5,Middlesbrough,46,22,10,14,67,45,22,76,1.65,25544,2017/18,CS,34742,73.52484025099304
6,Derby County,46,20,15,11,70,48,22,75,1.63,27175,2017/18,CS,33597,80.8851980831622
7,Preston,46,19,16,11,57,46,11,73,1.59,13774,2017/18,CS,23404,58.853187489318074
8,Millwall,46,19,15,12,56,45,11,72,1.57,13368,2017/18,CS,20146,66.35560409014197
9,Brentford,46,18,15,13,62,52,10,69,1.5,10434,2017/18,CS,17250,60.48695652173913
10,Sheffield Utd,46,20,9,17,62,55,7,69,1.5,26854,2017/18,CS,32702,82.11730169408598
11,Bristol City,46,17,16,13,67,58,9,67,1.46,20953,2017/18,CS,27000,77.6037037037037
12,Ipswich Town,46,17,9,20,57,60,-3,60,1.3,16272,2017/18,CS,30311,53.68348124443272
13,Leeds United,46,17,9,20,59,64,-5,60,1.3,31525,2017/18,CS,37890,83.20137239377145
14,Norwich City,46,15,15,16,49,60,-11,60,1.3,25785,2017/18,CS,27244,94.64469240933784
15,Sheffield Weds,46,14,15,17,59,60,-1,57,1.24,25995,2017/18,CS,34854,74.58254432776725
16,QPR,46,15,11,20,58,70,-12,56,1.22,13928,2017/18,CS,18439,75.53554965019795
17,Nott'ham Forest,46,15,8,23,51,65,-14,53,1.15,24680,2017/18,CS,30445,81.06421415667597
18,Hull City,46,11,16,19,70,70,0,49,1.07,15622,2017/18,CS,25400,61.50393700787402
19,Birmingham City,46,13,7,26,38,68,-30,46,1.0,21042,2017/18,CS,29409,71.5495256554116
20,Reading,46,10,14,22,48,70,-22,44,0.96,16656,2017/18,CS,24161,68.93754397582882
21,Bolton,46,10,13,23,39,74,-35,43,0.93,15887,2017/18,CS,28723,55.31107474845942
22,Barnsley,46,9,14,23,48,72,-24,41,0.89,13704,2017/18,CS,23287,58.848284450551816
23,Burton Albion,46,10,11,25,38,81,-43,41,0.89,4645,2017/18,CS,6912,67.2019675925926
24,Sunderland,46,7,16,23,52,80,-28,37,0.8,27635,2017/18,CS,48707,56.73722462890344
1,Manchester City,38,32,2,4,95,23,72,98,2.58,54130,2018/2019,PL,55017,98.38777105258374
2,Liverpool,38,30,7,1,89,22,67,97,2.55,52983,2018/2019,PL,53394,99.23025058995393
3,Chelsea,38,21,9,8,63,39,24,72,1.89,40437,2018/2019,PL,41837,96.65367975715276
4,Tottenham,38,23,2,13,67,39,28,71,1.87,54216,2018/2019,PL,62303,87.01988668282426
5,Arsenal,38,21,7,10,73,51,22,70,1.84,59899,2018/2019,PL,60260,99.4009293063392
6,Manchester Utd,38,19,9,10,65,54,11,66,1.74,74498,2018/2019,PL,75731,98.37186885159313
7,Wolves,38,16,9,13,47,46,1,57,1.5,31030,2018/2019,PL,31700,97.88643533123029
8,Everton,38,15,9,14,54,46,8,54,1.42,39043,2018/2019,PL,39414,99.05871010300909
9,Leicester City,38,15,7,16,51,48,3,52,1.37,31851,2018/2019,PL,32312,98.57328546669967
10,West Ham,38,15,7,16,52,55,-3,52,1.37,58336,2018/2019,PL,60000,97.22666666666666
11,Watford,38,14,8,16,52,59,-7,50,1.32,20016,2018/2019,PL,22200,90.16216216216216
12,Crystal Palace,38,14,7,17,51,53,-2,49,1.29,25455,2018/2019,PL,25486,99.8783645923252
13,Newcastle Utd,38,12,9,17,42,48,-6,45,1.18,51121,2018/2019,PL,52305,97.73635407704808
14,Bournemouth,38,13,6,19,56,70,-14,45,1.18,10532,2018/2019,PL,11329,92.96495718951364
15,Burnley,38,11,7,20,45,68,-23,40,1.05,20534,2018/2019,PL,21944,93.57455340867664
16,Southampton,38,9,12,17,45,65,-20,39,1.03,30139,2018/2019,PL,32505,92.72111982771881
17,Brighton,38,9,9,20,35,60,-25,36,0.95,30426,2018/2019,PL,30750,98.94634146341463
18,Cardiff City,38,10,4,24,34,69,-35,34,0.89,31408,2018/2019,PL,33316,94.27302197142514
19,Fulham,38,7,5,26,34,81,-47,26,0.68,24371,2018/2019,PL,25700,94.82879377431907
20,Huddersfield,38,3,7,28,22,76,-54,16,0.42,23203,2018/2019,PL,24500,94.70612244897958
1,Norwich City,46,27,13,6,93,57,36,94,2.04,26014,2018/2019,CS,27244,95.48524445749523
2,Sheffield Utd,46,26,11,9,78,41,37,89,1.93,26177,2018/2019,CS,32702,80.04709192098343
3,Leeds United,46,25,8,13,73,50,23,83,1.8,34033,2018/2019,CS,37890,89.82053312219584
4,West Brom,46,23,11,12,87,62,25,80,1.74,24148,2018/2019,CS,26688,90.4826139088729
5,Aston Villa,46,20,16,10,82,61,21,76,1.65,36027,2018/2019,CS,42785,84.20474465350006
6,Derby County,46,20,14,12,69,54,15,74,1.61,26850,2018/2019,CS,33597,79.91784980801857
7,Middlesbrough,46,20,13,13,49,41,8,73,1.59,23217,2018/2019,CS,34742,66.82689540037995
8,Bristol City,46,19,13,14,59,53,6,70,1.52,21080,2018/2019,CS,27000,78.07407407407408
9,Nott'ham Forest,46,17,15,14,61,54,7,66,1.43,28144,2018/2019,CS,30445,92.44210872064377
10,Swansea City,46,18,11,17,65,62,3,65,1.41,18737,2018/2019,CS,21088,88.85147951441577
11,Brentford,46,17,13,16,73,59,14,64,1.39,10257,2018/2019,CS,17250,59.460869565217386
12,Sheffield Weds,46,16,16,14,60,62,-2,64,1.39,24429,2018/2019,CS,34854,70.08951626786022
13,Hull City,46,17,11,18,66,68,-2,62,1.35,11730,2018/2019,CS,25400,46.181102362204726
14,Preston,46,16,13,17,67,67,0,61,1.33,14160,2018/2019,CS,23404,60.502478208853184
15,Blackburn,46,16,12,18,64,69,-5,60,1.3,14550,2018/2019,CS,31367,46.38632958204482
16,Stoke City,46,11,22,13,45,52,-7,55,1.2,25200,2018/2019,CS,30089,83.75153710658381
17,Birmingham City,46,14,19,13,64,58,6,52,1.13,22483,2018/2019,CS,29409,76.44938624230677
18,Wigan Athletic,46,13,13,20,51,64,-13,52,1.13,11663,2018/2019,CS,25138,46.395894661468695
19,QPR,46,14,9,23,53,71,-18,51,1.11,13866,2018/2019,CS,18439,75.19930581918759
20,Reading,46,10,17,19,49,66,-17,47,1.02,14991,2018/2019,CS,24161,62.04627291916726
21,Millwall,46,10,14,22,48,64,-16,44,0.96,13636,2018/2019,CS,20146,67.68589298123698
22,Rotherham Utd,46,8,16,22,52,83,-31,40,0.87,9880,2018/2019,CS,12021,82.18950170534897
23,Bolton,46,8,8,30,29,78,-49,32,0.7,14000,2018/2019,CS,28723,48.741426731191034
24,Ipswich Town,46,5,16,25,36,77,-41,31,0.67,17765,2018/2019,CS,30311,58.60908581043186
